Region,,ISO code,Language name,,# Datasets
Non-indigenous,,eng,English,,63
Non-indigenous,,yue,Cantonese,,2
Non-indigenous,,por,Portuguese,,6
Non-indigenous,,cmn,Mandarin Chinese,,10
Non-indigenous,,tam,Tamil,,7
Non-indigenous,,san,Sanskrit,,4
Brunei,,beg,Belait,,1
Brunei,,kxd,Brunei,,3
Brunei,,bsb,Brunei Bisaya,,2
Brunei,,pez,Eastern Penan,,0
Brunei,,iba,Iban,,7
Brunei,,lnd,Lundayeh,,2
Brunei,,ttd,Tutong,,1
Cambodia,,brb,Brao,,4
Cambodia,,sti,Bulo Stieng,,1
Cambodia,,csx,Cambodian Sign Language,,0
Cambodia,,cmo,Central Mnong,,6
Cambodia,,scq,Chung,,1
Cambodia,,jra,Jarai,,7
Cambodia,,xkk,Kachok,,0
Cambodia,,krv,Kavet,,0
Cambodia,,khm,Khmer,,50
Cambodia,,rka,Kraol,,1
Cambodia,,krr,Krung,,4
Cambodia,,kdt,Kuay,,1
Cambodia,,lao,Lao,,36
Cambodia,,hkn,Mel-Khaonh,,0
Cambodia,,pcb,Pear,,3
Cambodia,,sxm,Samre,,2
Cambodia,,smu,Somray,,1
Cambodia,,syo,Su’ung,,1
Cambodia,,tpu,Tampuan,,5
Cambodia,,cja,Western Cham,,1
East Timor,,adb,Atauran,,0
East Timor,,bkx,Baikeno,,4
East Timor,,bfn,Bunak,,4
East Timor,,ddg,Fataluku,,4
East Timor,,gal,Galolen,,3
East Timor,,hbu,Habun,,1
East Timor,,idt,Idaté,,3
East Timor,,krd,Kairui-Midiki,,1
East Timor,,kem,Kemak,,1
East Timor,,lka,Lakalei,,0
East Timor,,mjb,Makalero,,0
East Timor,,mkz,Makasae,,4
East Timor,,lva,Makuva,,0
East Timor,,mgm,Mambae,,4
East Timor,,nxa,Nauete,,4
East Timor,,tet,Tetun,,14
East Timor,,tdt,Tetun Dili,,8
East Timor,,tvy,Timor Pidgin,,0
East Timor,,tkd,Tukudede,,3
East Timor,,wmh,Waima’a,,1
East Timor,,wlh,Welaun,,0
Indonesia,,bsa,Abinomn,,1
Indonesia,,abz,Abui,,2
Indonesia,,kgr,Abun,,1
Indonesia,,ace,Aceh,,24
Indonesia,,adn,Adang,,1
Indonesia,,adr,Adonara,,0
Indonesia,,ahh,Aghu,,1
Indonesia,,air,Airoran,,1
Indonesia,,aol,Alor,,2
Indonesia,,alp,Alune,,5
Indonesia,,amq,Amahai,,1
Indonesia,,aaz,Amarasi,,3
Indonesia,,amk,Ambai,,5
Indonesia,,wgo,Ambel,,1
Indonesia,,amv,Ambelau,,0
Indonesia,,abs,Ambonese Malay,,7
Indonesia,,apg,Ampanang,,0
Indonesia,,akg,Anakalangu,,1
Indonesia,,bpo,Anasi,,0
Indonesia,,bzb,Andio,,0
Indonesia,,yli,Angguruk Yali,,2
Indonesia,,and,Ansus,,1
Indonesia,,auq,Anus,,0
Indonesia,,pni,Aoheng,,0
Indonesia,,apx,Aputai,,1
Indonesia,,atq,Aralle-Tabulahan,,2
Indonesia,,jbj,Arandai,,1
Indonesia,,agf,Arguni,,1
Indonesia,,asz,As,,1
Indonesia,,asl,Asilulu,,1
Indonesia,,psa,Asue Awyu,,1
Indonesia,,aqm,Atohwaim,,1
Indonesia,,auu,Auye,,1
Indonesia,,awh,Awbono,,1
Indonesia,,awr,Awera,,1
Indonesia,,auw,Awyi,,1
Indonesia,,btj,Bacanese Malay,,1
Indonesia,,bhz,Bada,,2
Indonesia,,khd,Bädi Kanum,,1
Indonesia,,bac,Badui,,1
Indonesia,,bqb,Bagusa,,1
Indonesia,,bdw,Baham,,1
Indonesia,,bhv,Bahau,,0
Indonesia,,bsu,Bahonsuai,,0
Indonesia,,bei,Bakati’,,1
Indonesia,,bkr,Bakumpai,,1
Indonesia,,bls,Balaesang,,1
Indonesia,,blz,Balantak,,5
Indonesia,,ban,Bali,,22
Indonesia,,mhp,Balinese Malay,,0
Indonesia,,ptu,Bambam,,5
Indonesia,,bnd,Banda,,1
Indonesia,,bpq,Banda Malay,,1
Indonesia,,bgz,Banggai,,2
Indonesia,,mfb,Bangka,,1
Indonesia,,bjn,Banjar,,24
Indonesia,,bnq,Bantik,,1
Indonesia,,baj,Barakai,,1
Indonesia,,brp,Barapasi,,1
Indonesia,,brs,Baras,,1
Indonesia,,bdb,Basap,,0
Indonesia,,btz,Batak Alas-Kluet,,1
Indonesia,,akb,Batak Angkola,,3
Indonesia,,btd,Batak Dairi,,3
Indonesia,,btx,Batak Karo,,7
Indonesia,,btm,Batak Mandailing,,3
Indonesia,,bts,Batak Simalungun,,5
Indonesia,,bbc,Batak Toba,,9
Indonesia,,bvt,Bati,,0
Indonesia,,zbt,Batui,,0
Indonesia,,bay,Batuley,,1
Indonesia,,sne,Bau Bidayuh,,1
Indonesia,,bvz,Bauzi,,2
Indonesia,,byl,Bayono,,1
Indonesia,,bed,Bedoanas,,1
Indonesia,,ebc,Beginci,,0
Indonesia,,bep,Behoa,,1
Indonesia,,bnv,Beneraf,,1
Indonesia,,bgy,Benggoi,,0
Indonesia,,bnu,Bentong,,0
Indonesia,,byd,Benyadu’,,0
Indonesia,,bve,Berau Malay,,0
Indonesia,,bkl,Berik,,1
Indonesia,,bfe,Betaf,,1
Indonesia,,bew,Betawi,,9
Indonesia,,bhw,Biak,,2
Indonesia,,bpv,Bian Marind,,1
Indonesia,,bth,Biatah Bidayuh,,2
Indonesia,,bhc,Biga,,1
Indonesia,,bpz,Bilba,,0
Indonesia,,bhp,Bima,,5
Indonesia,,bne,Bintauna,,0
Indonesia,,bqq,Biritai,,1
Indonesia,,beu,Blagar,,2
Indonesia,,bzn,Boano,,0
Indonesia,,bzl,Boano,,1
Indonesia,,bgb,Bobongko,,0
Indonesia,,bty,Bobot,,1
Indonesia,,bld,Bolango,,0
Indonesia,,bna,Bonerate,,1
Indonesia,,bpg,Bonggo,,1
Indonesia,,bdx,Budong-Budong,,1
Indonesia,,bug,Bugis,,20
Indonesia,,sdo,Bukar-Sadong Bidayuh,,1
Indonesia,,bvk,Bukat,,1
Indonesia,,bvu,Bukit Malay,,0
Indonesia,,bkn,Bukitan,,1
Indonesia,,bzq,Buli,,2
Indonesia,,blj,Bulungan,,1
Indonesia,,bfn,Bunak,,4
Indonesia,,bkz,Bungku,,0
Indonesia,,blf,Buol,,1
Indonesia,,bti,Burate,,1
Indonesia,,bzu,Burmeso,,1
Indonesia,,mhs,Buru,,1
Indonesia,,aip,Burumakok,,1
Indonesia,,bqr,Burusu,,1
Indonesia,,asi,Buruwai,,1
Indonesia,,bsm,Busami,,1
Indonesia,,bfg,Busang Kayan,,0
Indonesia,,bup,Busoa,,1
Indonesia,,asc,Casuarina Coast Asmat,,1
Indonesia,,cns,Central Asmat,,1
Indonesia,,awu,Central Awyu,,1
Indonesia,,pse,Central Malay,,3
Indonesia,,mxz,Central Masela,,1
Indonesia,,cia,Cia-Cia,,1
Indonesia,,txt,Citak,,1
Indonesia,,kjc,Coastal Konjo,,1
Indonesia,,liw,Col,,0
Indonesia,,kzf,Da’a Kaili,,2
Indonesia,,dbe,Dabe,,1
Indonesia,,dij,Dai,,1
Indonesia,,dkk,Dakka,,0
Indonesia,,uhn,Damal,,1
Indonesia,,dms,Dampelas,,1
Indonesia,,daz,Dao,,0
Indonesia,,ddw,Dawera-Daweloor,,1
Indonesia,,row,Dela-Oenale,,1
Indonesia,,dem,Dem,,1
Indonesia,,dei,Demisa,,1
Indonesia,,dnk,Dengka,,0
Indonesia,,nfa,Dhao,,3
Indonesia,,tbp,Diebroud,,1
Indonesia,,mrx,Dineor,,1
Indonesia,,diy,Diuwe,,1
Indonesia,,kbv,Dla,,1
Indonesia,,kvo,Dobel,,1
Indonesia,,dok,Dondo,,1
Indonesia,,tds,Doutai,,1
Indonesia,,dup,Duano,,0
Indonesia,,mvp,Duri,,2
Indonesia,,dbn,Duriankere,,1
Indonesia,,dsn,Dusner,,1
Indonesia,,dun,Dusun Deyah,,1
Indonesia,,duq,Dusun Malang,,1
Indonesia,,duw,Dusun Witu,,1
Indonesia,,duv,Duvle,,1
Indonesia,,dmr,East Damar,,1
Indonesia,,mky,East Makian,,1
Indonesia,,vme,East Masela,,1
Indonesia,,tre,East Tarangan,,1
Indonesia,,nea,Eastern Ngad’a,,0
Indonesia,,awy,Edera Awyu,,1
Indonesia,,dbf,Edopi,,1
Indonesia,,ekg,Ekari,,1
Indonesia,,mrf,Elseng,,1
Indonesia,,emb,Embaloh,,1
Indonesia,,enr,Emem,,1
Indonesia,,emw,Emplawas,,1
Indonesia,,end,Ende,,2
Indonesia,,eno,Enggano,,1
Indonesia,,ptt,Enrekang,,1
Indonesia,,ert,Eritai,,1
Indonesia,,erw,Erokwanas,,1
Indonesia,,fau,Fayu,,2
Indonesia,,pdn,Fedan,,0
Indonesia,,flh,Foau,,1
Indonesia,,frd,Fordata,,2
Indonesia,,gbi,Galela,,3
Indonesia,,gal,Galolen,,3
Indonesia,,gak,Gamkonora,,0
Indonesia,,gzn,Gane,,1
Indonesia,,gay,Gayo,,1
Indonesia,,gei,Gebe,,1
Indonesia,,gef,Gerai,,0
Indonesia,,ges,Geser-Gorom,,1
Indonesia,,goq,Gorap,,0
Indonesia,,gor,Gorontalo,,9
Indonesia,,grs,Gresi,,1
Indonesia,,hji,Haji,,0
Indonesia,,hmu,Hamap,,1
Indonesia,,hrk,Haruku,,1
Indonesia,,had,Hatam,,1
Indonesia,,hvn,Hawu,,3
Indonesia,,heg,Helong,,4
Indonesia,,kjk,Highland Konjo,,0
Indonesia,,htu,Hitu,,1
Indonesia,,hti,Hoti,,0
Indonesia,,hov,Hovongan,,0
Indonesia,,hud,Huaulu,,0
Indonesia,,huw,Hukumina,,1
Indonesia,,huk,Hulung,,0
Indonesia,,hap,Hupla,,0
Indonesia,,tmu,Iau,,2
Indonesia,,iba,Iban,,7
Indonesia,,ibu,Ibu,,0
Indonesia,,ihp,Iha,,1
Indonesia,,ihb,Iha Based Pidgin,,0
Indonesia,,ila,Ile Ape,,1
Indonesia,,ilu,Ili’uun,,1
Indonesia,,imr,Imroing,,1
Indonesia,,ind,Indonesian,,268
Indonesia,,bdl,Indonesian Bajau,,1
Indonesia,,inl,Indonesian Sign Language,,0
Indonesia,,irh,Irarutu,,1
Indonesia,,srl,Isirawa,,1
Indonesia,,itx,Itik,,1
Indonesia,,awv,Jair Awyu,,1
Indonesia,,jax,Jambi Malay,,1
Indonesia,,djo,Jangkang,,0
Indonesia,,jav,Javanese,,75
Indonesia,,jvd,Javindo,,0
Indonesia,,jbr,Jofotek-Bromnya,,1
Indonesia,,klz,Kabola,,1
Indonesia,,uka,Kaburi,,1
Indonesia,,kzd,Kadai,,0
Indonesia,,jka,Kaera,,1
Indonesia,,kpu,Kafoa,,1
Indonesia,,kzb,Kaibobo,,0
Indonesia,,kzp,Kaidipang,,1
Indonesia,,zka,Kaimbulawa,,1
Indonesia,,kzm,Kais,,1
Indonesia,,tcq,Kaiy,,1
Indonesia,,kzz,Kalabra,,1
Indonesia,,kly,Kalao,,1
Indonesia,,kli,Kalumpang,,1
Indonesia,,woi,Kamang,,1
Indonesia,,kzx,Kamarian,,0
Indonesia,,kgx,Kamaru,,1
Indonesia,,xbr,Kambera,,2
Indonesia,,irx,Kamberau,,1
Indonesia,,kgq,Kamoro,,1
Indonesia,,kkv,Kangean,,1
Indonesia,,kax,Kao,,0
Indonesia,,khp,Kapauri,,1
Indonesia,,kbi,Kaptiau,,1
Indonesia,,kgv,Karas,,2
Indonesia,,kyd,Karey,,0
Indonesia,,kgw,Karon Dori,,1
Indonesia,,bqy,Kata Kolok,,0
Indonesia,,vkk,Kaur,,0
Indonesia,,bpp,Kaure,,1
Indonesia,,xau,Kauwera,,1
Indonesia,,kgb,Kawe,,1
Indonesia,,kyt,Kayagar,,1
Indonesia,,xay,Kayan Mahakam,,0
Indonesia,,xkn,Kayan River Kayan,,0
Indonesia,,kzl,Kayeli,,1
Indonesia,,kzu,Kayupulau,,1
Indonesia,,xxk,Ke’o,,1
Indonesia,,ksx,Kedang,,1
Indonesia,,khh,Kehu,,1
Indonesia,,kei,Kei,,1
Indonesia,,kdy,Keijar,,1
Indonesia,,kzi,Kelabit,,1
Indonesia,,kem,Kemak,,1
Indonesia,,bzp,Kemberano,,1
Indonesia,,xkw,Kembra,,1
Indonesia,,kmt,Kemtuik,,1
Indonesia,,knx,Kendayan,,1
Indonesia,,knl,Keninjal,,0
Indonesia,,kuk,Kepo’,,0
Indonesia,,xke,Kereho,,0
Indonesia,,kvr,Kerinci,,1
Indonesia,,xte,Ketengban,,1
Indonesia,,ktt,Ketum,,1
Indonesia,,kig,Kimaghima,,1
Indonesia,,sbt,Kimki,,1
Indonesia,,ues,Kioko,,0
Indonesia,,kiy,Kirikiri,,1
Indonesia,,kje,Kisar,,5
Indonesia,,kyo,Klon,,1
Indonesia,,kpd,Koba,,0
Indonesia,,vko,Kodeoha,,1
Indonesia,,kod,Kodi,,2
Indonesia,,kpi,Kofei,,1
Indonesia,,kkx,Kohin,,0
Indonesia,,xod,Kokoda,,1
Indonesia,,kvv,Kola,,0
Indonesia,,tyn,Kombai,,1
Indonesia,,kge,Komering,,1
Indonesia,,kvh,Komodo,,0
Indonesia,,kvp,Kompane,,0
Indonesia,,kzv,Komyandaret,,1
Indonesia,,knd,Konda,,1
Indonesia,,cml,Koneq-koneq,,1
Indonesia,,kdw,Koneraw,,1
Indonesia,,opk,Kopkaka,,1
Indonesia,,xkq,Koroni,,1
Indonesia,,khe,Korowai,,2
Indonesia,,kpq,Korupun-Sela,,1
Indonesia,,kiq,Kosare,,1
Indonesia,,kkl,Kosarek Yale,,3
Indonesia,,mqg,Kota Bangun Kutai Malay,,0
Indonesia,,kwh,Kowiai,,1
Indonesia,,kvb,Kubu,,1
Indonesia,,kvd,Kui,,1
Indonesia,,tpg,Kula,,1
Indonesia,,vkl,Kulisusu,,1
Indonesia,,xks,Kumbewaha,,1
Indonesia,,mkn,Kupang Malay,,6
Indonesia,,kuv,Kur,,1
Indonesia,,nbn,Kuri,,1
Indonesia,,kjr,Kurudu,,1
Indonesia,,kwr,Kwer,,1
Indonesia,,kwe,Kwerba,,1
Indonesia,,xwr,Kwerba Mamberamo,,1
Indonesia,,kkb,Kwerisa,,1
Indonesia,,kwt,Kwesten,,1
Indonesia,,kuc,Kwinsu,,1
Indonesia,,lau,Laba,,1
Indonesia,,lhh,Laha,,0
Indonesia,,lji,Laiyolo,,1
Indonesia,,slp,Lamaholot,,1
Indonesia,,lmr,Lamalera,,1
Indonesia,,lmq,Lamatuka,,0
Indonesia,,lmy,Lamboya,,1
Indonesia,,ljp,Lampung Api,,3
Indonesia,,abl,Lampung Nyo,,3
Indonesia,,day,Land Dayak,,3
Indonesia,,lrt,Larantuka Malay,,0
Indonesia,,alo,Larike-Wakasihu,,1
Indonesia,,llm,Lasalimu,,1
Indonesia,,ltu,Latu,,0
Indonesia,,law,Lauje,,2
Indonesia,,lbx,Lawangan,,1
Indonesia,,lew,Ledo Kaili,,3
Indonesia,,lcc,Legenyem,,1
Indonesia,,lgi,Lengilu,,1
Indonesia,,lpe,Lepki,,1
Indonesia,,lti,Leti,,2
Indonesia,,lvu,Levuka,,0
Indonesia,,lwe,Lewoeleng,,0
Indonesia,,lwt,Lewotobi,,0
Indonesia,,ljl,Li’o,,2
Indonesia,,lix,Liabuku,,1
Indonesia,,ste,Liana-Seti,,0
Indonesia,,eip,Lik,,2
Indonesia,,lio,Liki,,0
Indonesia,,ley,Limola,,1
Indonesia,,lcs,Lisabata-Nuniali,,0
Indonesia,,lcl,Lisela,,1
Indonesia,,lcd,Lola,,0
Indonesia,,llq,Lolak,,0
Indonesia,,llg,Lole,,2
Indonesia,,loa,Loloda,,1
Indonesia,,lrn,Lorang,,0
Indonesia,,lox,Loun,,0
Indonesia,,lur,Loura,,1
Indonesia,,dni,Lower Grand Valley Dani,,2
Indonesia,,lex,Luang,,5
Indonesia,,lcf,Lubu,,1
Indonesia,,lcq,Luhu,,0
Indonesia,,lnd,Lundayeh,,2
Indonesia,,mhy,Ma’anyan,,2
Indonesia,,slz,Ma’ya,,1
Indonesia,,mqa,Maba,,0
Indonesia,,mad,Madura,,24
Indonesia,,ayz,Mai Brat,,1
Indonesia,,xkl,Mainstream Kenyah,,1
Indonesia,,zrs,Mairasi,,1
Indonesia,,wmm,Maiwa,,1
Indonesia,,mak,Makasar,,14
Indonesia,,mfp,Makassar Indonesian,,0
Indonesia,,mgf,Maklew,,1
Indonesia,,xdy,Malayic Dayak,,2
Indonesia,,mli,Malimpung,,1
Indonesia,,mqj,Mamasa,,7
Indonesia,,mvd,Mamboru,,1
Indonesia,,mqx,Mamuju,,1
Indonesia,,xmm,Manado Malay,,4
Indonesia,,mdr,Mandar,,3
Indonesia,,mqr,Mander,,1
Indonesia,,aax,Mandobo Atas,,1
Indonesia,,bwp,Mandobo Bawah,,1
Indonesia,,jet,Manem,,1
Indonesia,,mqy,Manggarai,,2
Indonesia,,mqc,Mangole,,0
Indonesia,,mqp,Manipa,,0
Indonesia,,woo,Manombai,,1
Indonesia,,mpy,Mapia,,1
Indonesia,,mvr,Marau,,0
Indonesia,,mrz,Marind,,1
Indonesia,,mqi,Mariri,,0
Indonesia,,ism,Masimasi,,0
Indonesia,,bnf,Masiwang,,1
Indonesia,,mvs,Massep,,1
Indonesia,,xmt,Matbat,,1
Indonesia,,xem,Mateq,,0
Indonesia,,mgk,Mawes,,1
Indonesia,,msf,Mekwei,,1
Indonesia,,xkd,Mendalam Kayan,,0
Indonesia,,mwv,Mentawai,,3
Indonesia,,mvx,Meoswar,,1
Indonesia,,mnu,Mer,,1
Indonesia,,mej,Meyah,,3
Indonesia,,dnt,Mid Grand Valley Dani,,1
Indonesia,,min,Minangkabau,,36
Indonesia,,kja,Mlap,,1
Indonesia,,wkd,Mo,,0
Indonesia,,mxd,Modang,,1
Indonesia,,mqo,Modole,,1
Indonesia,,mxn,Moi Kelim,,1
Indonesia,,sbg,Moi Lemas,,1
Indonesia,,vms,Moksela,,0
Indonesia,,msl,Molof,,1
Indonesia,,myl,Moma,,1
Indonesia,,mso,Mombum,,1
Indonesia,,mmb,Momina,,1
Indonesia,,mqf,Momuna,,1
Indonesia,,mog,Mongondow,,3
Indonesia,,mnz,Moni,,1
Indonesia,,mhz,Mor,,1
Indonesia,,moq,Mor,,1
Indonesia,,msg,Moraid,,1
Indonesia,,mzq,Mori Atas,,1
Indonesia,,xmz,Mori Bawah,,1
Indonesia,,mqn,Moronene,,1
Indonesia,,iwo,Morop,,1
Indonesia,,mok,Morori,,1
Indonesia,,mtj,Moskona,,2
Indonesia,,akc,Mpur,,1
Indonesia,,mtd,Mualang,,1
Indonesia,,mnb,Muna,,3
Indonesia,,mth,Munggui,,1
Indonesia,,rmh,Murkim,,1
Indonesia,,mui,Musi,,7
Indonesia,,nxx,Nafri,,1
Indonesia,,nxe,Nage,,1
Indonesia,,nae,Naka’ela,,0
Indonesia,,nkj,Nakai,,1
Indonesia,,nlc,Nalca,,4
Indonesia,,naa,Namla,,1
Indonesia,,npy,Napu,,2
Indonesia,,nsy,Nasal,,1
Indonesia,,nqm,Ndom,,1
Indonesia,,ndx,Nduga,,1
Indonesia,,nec,Nedebang,,1
Indonesia,,nxg,Ngad’a,,1
Indonesia,,nij,Ngaju,,7
Indonesia,,szb,Ngalum,,2
Indonesia,,map_bms,Ngapak Javanese,,1
Indonesia,,nbq,Nggem,,3
Indonesia,,kcd,Ngkâlmpw Kanum,,1
Indonesia,,nia,Nias,,8
Indonesia,,nil,Nila,,1
Indonesia,,nir,Nimboran,,1
Indonesia,,nxr,Ninggerum,,1
Indonesia,,nlk,Ninia Yali,,0
Indonesia,,nps,Nipsan,,0
Indonesia,,njs,Nisa,,0
Indonesia,,nks,North Asmat,,1
Indonesia,,yir,North Awyu,,1
Indonesia,,bcd,North Babar,,1
Indonesia,,max,North Moluccan Malay,,1
Indonesia,,kti,North Muyu,,1
Indonesia,,nni,North Nuaulu,,0
Indonesia,,nul,Nusa Laut,,1
Indonesia,,afz,Obokuitai,,1
Indonesia,,oia,Oirata,,1
Indonesia,,kqv,Okolod,,0
Indonesia,,oni,Onin,,1
Indonesia,,onx,Onin Based Pidgin,,0
Indonesia,,orz,Ormu,,1
Indonesia,,ury,Orya,,3
Indonesia,,osi,Osing,,0
Indonesia,,otd,Ot Danum,,1
Indonesia,,pdo,Padoe,,1
Indonesia,,pgu,Pagu,,1
Indonesia,,pku,Paku,,1
Indonesia,,ple,Palu’e,,1
Indonesia,,pmf,Pamona,,5
Indonesia,,psn,Panasuan,,1
Indonesia,,pnp,Pancana,,1
Indonesia,,pnc,Pannei,,0
Indonesia,,pas,Papasena,,1
Indonesia,,pmy,Papuan Malay,,0
Indonesia,,ppm,Papuma,,1
Indonesia,,yac,Pass Valley Yali,,1
Indonesia,,ptn,Patani,,1
Indonesia,,plh,Paulohi,,1
Indonesia,,pel,Pekal,,0
Indonesia,,ums,Pendau,,1
Indonesia,,wet,Perai,,1
Indonesia,,pea,Peranakan Indonesian,,2
Indonesia,,pey,Petjo,,0
Indonesia,,pmo,Pom,,1
Indonesia,,pns,Ponosakan,,0
Indonesia,,pud,Punan Aput,,0
Indonesia,,puf,Punan Merah,,0
Indonesia,,puc,Punan Merap,,0
Indonesia,,puj,Punan Tubu,,0
Indonesia,,pru,Puragi,,1
Indonesia,,put,Putoh,,0
Indonesia,,raz,Rahambuu,,1
Indonesia,,rjg,Rajong,,0
Indonesia,,lje,Rampi,,1
Indonesia,,lra,Rara Bakati’,,1
Indonesia,,rac,Rasawa,,1
Indonesia,,rth,Ratahan,,1
Indonesia,,rej,Rejang,,8
Indonesia,,reb,Rembong,,0
Indonesia,,ret,Reta,,1
Indonesia,,ran,Riantana,,1
Indonesia,,rir,Ribun,,0
Indonesia,,rgu,Rikou,,1
Indonesia,,riu,Riung,,0
Indonesia,,rmm,Roma,,1
Indonesia,,ror,Rongga,,1
Indonesia,,rnn,Roon,,1
Indonesia,,snv,Sa’ban,,1
Indonesia,,saj,Sahu,,1
Indonesia,,sjb,Sajau Basap,,0
Indonesia,,sgu,Salas,,1
Indonesia,,xmx,Salawati,,0
Indonesia,,sau,Saleman,,0
Indonesia,,loe,Saluan,,0
Indonesia,,tmj,Samarokena,,1
Indonesia,,scg,Sanggau,,0
Indonesia,,sxn,Sangir,,4
Indonesia,,spr,Saparua,,1
Indonesia,,spi,Saponi,,1
Indonesia,,sre,Sara Bakati’,,1
Indonesia,,sdu,Sarudu,,1
Indonesia,,sas,Sasak,,3
Indonesia,,srt,Sauri,,0
Indonesia,,sao,Sause,,1
Indonesia,,szw,Sawai,,1
Indonesia,,swr,Saweru,,1
Indonesia,,saw,Sawi,,1
Indonesia,,swt,Sawila,,1
Indonesia,,sbx,Seberuang,,0
Indonesia,,tvw,Sedoa,,1
Indonesia,,sge,Segai,,1
Indonesia,,hik,Seit-Kaitetu,,0
Indonesia,,lce,Sekak,,0
Indonesia,,skz,Sekar,,1
Indonesia,,skx,Seko Padang,,0
Indonesia,,sko,Seko Tengah,,1
Indonesia,,slu,Selaru,,1
Indonesia,,sly,Selayar,,1
Indonesia,,slg,Selungai Murut,,1
Indonesia,,sws,Seluwasan,,0
Indonesia,,sdq,Semandang,,0
Indonesia,,sbr,Sembakung Murut,,0
Indonesia,,etz,Semimi,,1
Indonesia,,xse,Sempan,,1
Indonesia,,set,Sentani,,1
Indonesia,,spb,Sepa,,1
Indonesia,,sve,Serili,,1
Indonesia,,srw,Serua,,1
Indonesia,,seu,Serui-Laut,,1
Indonesia,,sya,Siang,,1
Indonesia,,ski,Sika,,1
Indonesia,,tty,Sikaritai,,1
Indonesia,,skh,Sikule,,1
Indonesia,,wul,Silimo,,1
Indonesia,,smr,Simeulue,,1
Indonesia,,skv,Skou,,1
Indonesia,,kxq,Smärky Kanum,,1
Indonesia,,ssq,So’a,,2
Indonesia,,sob,Sobei,,1
Indonesia,,krz,Sota Kanum,,1
Indonesia,,tlt,Sou Nama,,1
Indonesia,,wha,Sou Upaa,,0
Indonesia,,mnx,Sougb,,2
Indonesia,,aws,South Awyu,,1
Indonesia,,lmf,South Lembata,,0
Indonesia,,kts,South Muyu,,1
Indonesia,,nxl,South Nuaulu,,3
Indonesia,,vbb,Southeast Babar,,1
Indonesia,,itd,Southern Tidung,,1
Indonesia,,sow,Sowanda,,1
Indonesia,,dmy,Sowari,,1
Indonesia,,szp,Suabo,,1
Indonesia,,szn,Sula,,0
Indonesia,,smw,Sumbawa,,1
Indonesia,,sun,Sunda,,54
Indonesia,,ymn,Sunum,,0
Indonesia,,swu,Suwawa,,0
Indonesia,,tby,Tabaru,,3
Indonesia,,tnm,Tabla,,1
Indonesia,,klw,Tado,,1
Indonesia,,rob,Tae’,,1
Indonesia,,mvv,Tagal Murut,,0
Indonesia,,aos,Taikat,,1
Indonesia,,pee,Taje,,1
Indonesia,,tdj,Tajio,,2
Indonesia,,tld,Talaud,,1
Indonesia,,tlv,Taliabu,,1
Indonesia,,tlk,Taloki,,1
Indonesia,,tln,Talondo’,,0
Indonesia,,tcg,Tamagario,,1
Indonesia,,tmn,Taman,,1
Indonesia,,xxt,Tambora,,1
Indonesia,,tml,Tamnim Citak,,1
Indonesia,,tcm,Tanahmerah,,1
Indonesia,,tni,Tandia,,1
Indonesia,,tkx,Tangko,,1
Indonesia,,tpf,Tarpia,,1
Indonesia,,tad,Tause,,1
Indonesia,,twy,Tawoyan,,1
Indonesia,,tve,Te’un,,1
Indonesia,,dmu,Tebi,,1
Indonesia,,tfo,Tefaro,,1
Indonesia,,kps,Tehit,,1
Indonesia,,twe,Teiwa,,1
Indonesia,,tvm,Tela-Masbuar,,1
Indonesia,,vkt,Tenggarong Kutai Malay,,0
Indonesia,,tes,Tengger,,1
Indonesia,,tev,Teor,,0
Indonesia,,twg,Tereweng,,1
Indonesia,,twu,Termanu,,3
Indonesia,,tft,Ternate,,1
Indonesia,,tmg,Ternateño,,1
Indonesia,,tet,Tetun,,14
Indonesia,,tvo,Tidore,,1
Indonesia,,txq,Tii,,1
Indonesia,,tti,Tobati,,1
Indonesia,,tlb,Tobelo,,3
Indonesia,,tlg,Tofanma,,1
Indonesia,,lbw,Tolaki,,1
Indonesia,,tdi,Tomadino,,1
Indonesia,,ttp,Tombelala,,0
Indonesia,,tom,Tombulu,,2
Indonesia,,txm,Tomini,,1
Indonesia,,tdn,Tondano,,1
Indonesia,,tnw,Tonsawang,,1
Indonesia,,txs,Tonsea,,1
Indonesia,,tnt,Tontemboan,,2
Indonesia,,toy,Topoiyo,,1
Indonesia,,sda,Toraja-Sa’dan,,3
Indonesia,,txe,Totoli,,1
Indonesia,,ttn,Towei,,1
Indonesia,,tip,Trimuris,,0
Indonesia,,kvz,Tsaukambo,,1
Indonesia,,tzn,Tugun,,1
Indonesia,,tuj,Tugutil,,0
Indonesia,,khc,Tukang Besi North,,1
Indonesia,,bhq,Tukang Besi South,,1
Indonesia,,tlu,Tulehu,,1
Indonesia,,trt,Tunggare,,1
Indonesia,,tjg,Tunjung,,1
Indonesia,,aoz,Uab Meto,,3
Indonesia,,udj,Ujir,,1
Indonesia,,ulm,Ulumanda’,,1
Indonesia,,ppk,Uma,,3
Indonesia,,xky,Uma’ Lasan,,0
Indonesia,,ulu,Uma’ Lung,,0
Indonesia,,mtg,Una,,2
Indonesia,,unz,Unde Kaili,,0
Indonesia,,dna,Upper Grand Valley Dani,,1
Indonesia,,urn,Uruangnirin,,1
Indonesia,,ulf,Usku,,1
Indonesia,,snu,Viid,,1
Indonesia,,vto,Vitou,,1
Indonesia,,wbb,Wabo,,1
Indonesia,,wrx,Wae Rana,,0
Indonesia,,whu,Wahau Kayan,,0
Indonesia,,whk,Wahau Kenyah,,1
Indonesia,,wli,Waioli,,0
Indonesia,,wlw,Walak,,1
Indonesia,,wms,Wambon,,3
Indonesia,,wad,Wamesa,,1
Indonesia,,wng,Wanggom,,1
Indonesia,,wno,Wano,,1
Indonesia,,wnk,Wanukaka,,2
Indonesia,,wsa,Warembori,,1
Indonesia,,wai,Wares,,1
Indonesia,,wrs,Waris,,5
Indonesia,,wbe,Waritai,,1
Indonesia,,bgv,Warkay-Bipim,,1
Indonesia,,wrp,Waropen,,1
Indonesia,,wru,Waru,,1
Indonesia,,wah,Watubela,,1
Indonesia,,wuy,Wauyai,,1
Indonesia,,wow,Wawonii,,1
Indonesia,,wew,Wejewa,,1
Indonesia,,wlh,Welaun,,0
Indonesia,,weo,Wemale,,0
Indonesia,,kvw,Wersing,,1
Indonesia,,drn,West Damar,,1
Indonesia,,lmj,West Lembata,,0
Indonesia,,mqs,West Makian,,1
Indonesia,,mss,West Masela,,1
Indonesia,,txn,West Tarangan,,1
Indonesia,,dnw,Western Dani,,3
Indonesia,,lev,Western Pantar,,1
Indonesia,,wbw,Woi,,1
Indonesia,,wod,Wolani,,1
Indonesia,,wlo,Wolio,,1
Indonesia,,wor,Woria,,1
Indonesia,,wtw,Wotu,,1
Indonesia,,ner,Yahadian,,1
Indonesia,,jal,Yalahatan,,0
Indonesia,,jmd,Yamdena,,1
Indonesia,,asy,Yaosakor Asmat,,1
Indonesia,,jaq,Yaqay,,1
Indonesia,,yrs,Yarsun,,0
Indonesia,,jau,Yaur,,2
Indonesia,,yva,Yawa,,4
Indonesia,,jei,Yei,,1
Indonesia,,jel,Yelmek,,1
Indonesia,,ire,Yeresiam,,1
Indonesia,,gop,Yeretuar,,1
Indonesia,,yet,Yetfa,,3
Indonesia,,yki,Yoke,,1
Indonesia,,wfg,Zorop,,1
Laos,,ahk,Akha,,7
Laos,,alk,Alak,,1
Laos,,aem,Arem,,1
Laos,,bgk,Bit,,2
Laos,,bgl,Bo,,1
Laos,,brb,Brao,,4
Laos,,ycp,Chepya,,0
Laos,,scb,Chut,,1
Laos,,cno,Con,,0
Laos,,bru,Eastern Bru,,4
Laos,,hld,Halang Doan,,0
Laos,,hni,Hani,,4
Laos,,hnj,Hmong Njua,,5
Laos,,hnu,Hung,,0
Laos,,irr,Ir,,1
Laos,,ium,Iu Mien,,2
Laos,,jeh,Jeh,,2
Laos,,ktp,Kaduo,,1
Laos,,kyp,Kang,,1
Laos,,kjg,Khmu,,2
Laos,,xhv,Khua,,0
Laos,,khf,Khuen,,0
Laos,,xko,Kiorr,,0
Laos,,ngt,Kriang,,1
Laos,,uan,Kuan,,0
Laos,,kdt,Kuay,,1
Laos,,lhu,Lahu,,8
Laos,,lao,Lao,,36
Laos,,lbg,Laopang,,0
Laos,,lso,Laos Sign Language,,0
Laos,,lbo,Laven,,1
Laos,,lvi,Lavi,,1
Laos,,tto,Lower Ta’oih,,0
Laos,,khb,Lü,,5
Laos,,mlf,Mal,,1
Laos,,pkt,Maleng,,2
Laos,,mra,Mlabri,,2
Laos,,nuo,Ngoaun,,0
Laos,,ncq,Northern Katang,,0
Laos,,nod,Northern Thai,,7
Laos,,nev,Nyaheun,,2
Laos,,tyh,O’du,,1
Laos,,oog,Ong,,1
Laos,,oyb,Oy,,1
Laos,,pac,Pacoh,,1
Laos,,phq,Phana’,,1
Laos,,pnx,Phong-Kniang,,2
Laos,,pht,Phu Thai,,0
Laos,,phu,Phuan,,0
Laos,,pho,Phunoi,,1
Laos,,prt,Prai,,2
Laos,,lbn,Rmeet,,1
Laos,,skb,Saek,,1
Laos,,hal,Salang,,2
Laos,,spu,Sapuan,,1
Laos,,slt,Sila,,0
Laos,,sss,So,,0
Laos,,sqq,Sou,,1
Laos,,sct,Southern Katang,,0
Laos,,tyr,Tai Daeng,,2
Laos,,blt,Tai Dam,,4
Laos,,twh,Tai Dón,,2
Laos,,tnu,Tai Khang,,1
Laos,,tlq,Tai Loi,,0
Laos,,thi,Tai Long,,0
Laos,,tpo,Tai Pao,,1
Laos,,tyj,Tai Yo,,0
Laos,,tdf,Talieng,,1
Laos,,tgr,Tareng,,0
Laos,,tth,Upper Ta’oih,,0
Laos,,brv,Western Bru,,4
Laos,,kuf,Western Katu,,0
Laos,,yoy,Yoy,,1
Malaysia,,abf,Abai Sungai,,0
Malaysia,,kys,Baram Kayan,,0
Malaysia,,btq,Batek,,1
Malaysia,,sne,Bau Bidayuh,,1
Malaysia,,bth,Biatah Bidayuh,,2
Malaysia,,sdo,Bidayuh Serian,,1
Malaysia,,bny,Bintulu,,1
Malaysia,,bdg,Bonggi,,1
Malaysia,,bnb,Bookan Murut,,1
Malaysia,,bsb,Brunei Bisaya,,2
Malaysia,,bkn,Bukitan,,1
Malaysia,,zbc,Central Berawan,,1
Malaysia,,mel,Central Melanau,,1
Malaysia,,cwg,Cheq Wong,,1
Malaysia,,dro,Daro-Matu Melanau,,1
Malaysia,,dup,Duano,,0
Malaysia,,dmv,Dumpas,,0
Malaysia,,zbe,East Berawan,,1
Malaysia,,pez,Eastern Penan,,0
Malaysia,,gnq,Gana,,0
Malaysia,,iba,Iban,,7
Malaysia,,dbj,Ida’an,,1
Malaysia,,ilm,Iranun,,1
Malaysia,,jah,Jah Hut,,1
Malaysia,,jak,Jakun,,1
Malaysia,,jhi,Jehai,,1
Malaysia,,dtp,Kadazan Dusun,,8
Malaysia,,kag,Kajaman,,1
Malaysia,,kve,Kalabakan Murut,,0
Malaysia,,kxn,Kanowit-Tanjong Melanau,,1
Malaysia,,meo,Kedah Malay,,2
Malaysia,,kzi,Kelabit,,1
Malaysia,,xbn,Kenaboi,,1
Malaysia,,kxi,Keningau Murut,,0
Malaysia,,kns,Kensiu,,1
Malaysia,,kqr,Kimaragang,,4
Malaysia,,knq,Kintaq,,1
Malaysia,,kyi,Kiput,,1
Malaysia,,kqt,Klias River Kadazan,,0
Malaysia,,kqv,Kolod Murut,,0
Malaysia,,grm,Kota Marudu Talantang,,1
Malaysia,,dkr,Kuijau,,0
Malaysia,,dtb,Labuk-Kinabatangan Kadazan,,0
Malaysia,,lhn,Lahanan,,1
Malaysia,,ruu,Lanas Lobu,,0
Malaysia,,lnh,Lanoh,,1
Malaysia,,llk,Lelak,,1
Malaysia,,ttw,Long Wat,,0
Malaysia,,dtr,Lotud,,1
Malaysia,,lnd,Lundayeh,,2
Malaysia,,mhe,Mah Meri,,1
Malaysia,,xkl,Mainstream Kenyah,,1
Malaysia,,ccm,Malaccan Malay Creole,,1
Malaysia,,mcm,Malaccan Portuguese Creole,,0
Malaysia,,zlm,Malay,,53
Malaysia,,xml,Malaysian Sign Language,,1
Malaysia,,mqq,Minokok,,0
Malaysia,,mnq,Minriq,,0
Malaysia,,mzt,Mintil,,1
Malaysia,,pwm,Molbog,,1
Malaysia,,mxr,Murik,,0
Malaysia,,nrm,Narom,,3
Malaysia,,zmi,Negeri Sembilan Malay,,0
Malaysia,,ntd,Northern Tidung,,0
Malaysia,,orn,Orang Kanaq,,0
Malaysia,,ors,Orang Seletar,,0
Malaysia,,plz,Paluan Murut,,0
Malaysia,,dpp,Papar,,0
Malaysia,,psg,Penang Sign Language,,0
Malaysia,,pna,Punan Bah-Biau,,1
Malaysia,,pnm,Punan Batu,,0
Malaysia,,lra,Rara Bakati’,,1
Malaysia,,ree,Rejang Kayan,,1
Malaysia,,lkj,Remun,,1
Malaysia,,drg,Rungus,,1
Malaysia,,snv,Sa’ban,,1
Malaysia,,bsy,Sabah Bisaya,,1
Malaysia,,msi,Sabah Malay,,2
Malaysia,,sbo,Sabüm,,1
Malaysia,,knx,Salako,,1
Malaysia,,sib,Sebop,,1
Malaysia,,skp,Sekapan,,1
Malaysia,,kgi,Selangor Sign Language,,1
Malaysia,,slg,Selungai Murut,,1
Malaysia,,sea,Semai,,3
Malaysia,,szc,Semaq Beri,,1
Malaysia,,sbr,Sembakung Murut,,0
Malaysia,,sza,Semelai,,1
Malaysia,,ssm,Semnam,,1
Malaysia,,srk,Serudung Murut,,0
Malaysia,,sdx,Sibu Melanau,,0
Malaysia,,spg,Sihan,,0
Malaysia,,itd,Southern Tidung,,1
Malaysia,,zsm,Standard Malay,,13
Malaysia,,kzs,Sugut Dusun,,0
Malaysia,,mvv,Tahol Murut,,0
Malaysia,,low,Tampias Lobu,,0
Malaysia,,txx,Tatana,,1
Malaysia,,tea,Temiar,,1
Malaysia,,tmo,Temoq,,1
Malaysia,,tmw,Temuan,,1
Malaysia,,tnz,Ten’edn,,1
Malaysia,,tih,Timugon Murut,,3
Malaysia,,tgb,Tobilung,,1
Malaysia,,txa,Tombonuo,,1
Malaysia,,tgq,Tring,,1
Malaysia,,trx,Tringgus-Sembaan Bidayuh,,0
Malaysia,,umi,Ukit,,0
Malaysia,,xky,Uma’ Lasan,,0
Malaysia,,dmg,Upper Kinabatangan,,2
Malaysia,,zbw,West Berawan,,1
Malaysia,,bdr,West Coast Bajau,,1
Malaysia,,pne,Western Penan,,2
Myanmar,,ahk,Akha,,7
Myanmar,,nqy,Akyaung Ari Naga,,0
Myanmar,,nun,Anong,,1
Myanmar,,anl,Anu-Khongso Chin,,1
Myanmar,,csh,Asho Chin,,0
Myanmar,,bgr,Bawm Chin,,3
Myanmar,,blr,Blang,,2
Myanmar,,cbl,Bualkhaw Chin,,0
Myanmar,,mya,Burmese,,66
Myanmar,,bwe,Bwe Karen,,1
Myanmar,,ckh,Chak,,1
Myanmar,,ccp,Chakma,,4
Myanmar,,nqq,Chen-Kayu Naga,,0
Myanmar,,dao,Daai Chin,,1
Myanmar,,dnu,Danau,,1
Myanmar,,dnv,Danu,,0
Myanmar,,duu,Drung,,3
Myanmar,,eky,Eastern Kayah,,1
Myanmar,,cek,Eastern Khumi Chin,,1
Myanmar,,cey,Ekai Chin,,0
Myanmar,,cfm,Falam Chin,,4
Myanmar,,kvq,Geba Karen,,1
Myanmar,,ghk,Geko Karen,,0
Myanmar,,cnh,Hakha Chin,,7
Myanmar,,hpo,Hpon,,1
Myanmar,,int,Intha,,0
Myanmar,,pzn,Jejara Naga,,0
Myanmar,,kac,Jingpho,,11
Myanmar,,ckn,Kaang Chin,,0
Myanmar,,zkd,Kadu,,0
Myanmar,,zkn,Kanan,,0
Myanmar,,kxf,Kawyaw,,1
Myanmar,,pdu,Kayan,,2
Myanmar,,kvl,Kayaw,,0
Myanmar,,khg,Khams Tibetan,,2
Myanmar,,kht,Khamti,,1
Myanmar,,kix,Khiamniungan Naga,,1
Myanmar,,cnk,Khumi Chin,,1
Myanmar,,kkh,Khün,,5
Myanmar,,nxk,Kokak Naga,,0
Myanmar,,nbe,Konyak Naga,,2
Myanmar,,lsi,Lacid,,6
Myanmar,,kvt,Lahta,,0
Myanmar,,lhu,Lahu,,8
Myanmar,,lhi,Lahu Shi,,1
Myanmar,,lzn,Lainong Naga,,1
Myanmar,,clj,Laitu Chin,,0
Myanmar,,nlq,Lao Naga,,0
Myanmar,,clt,Lautu Chin,,0
Myanmar,,mhx,Lhao Vo,,5
Myanmar,,lis,Lisu,,1
Myanmar,,lpn,Long Phuri Naga,,0
Myanmar,,khb,Lü,,5
Myanmar,,jmn,Makuri Naga,,1
Myanmar,,mrh,Mara Chin,,1
Myanmar,,hlt,Matu Chin,,3
Myanmar,,lus,Mizo Chin,,9
Myanmar,,jkm,Mobwa Karen,,0
Myanmar,,mqt,Mok,,1
Myanmar,,mwt,Moken,,1
Myanmar,,mnw,Mon,,7
Myanmar,,cmr,Mro-Khimi,,2
Myanmar,,mro,Mru,,1
Myanmar,,ukk,Muak Sa-aak,,0
Myanmar,,mwq,Müün Chin,,1
Myanmar,,ysm,Myanmar Sign Language,,1
Myanmar,,cnw,Ngawn Chin,,1
Myanmar,,acn,Ngochang,,3
Myanmar,,nuf,Nusu,,1
Myanmar,,blk,Pa’o,,1
Myanmar,,jkp,Paku Karen,,0
Myanmar,,prk,Parauk Wa,,3
Myanmar,,umn,Paungnyuan Naga,,0
Myanmar,,npg,Ponyo-Gongwang Naga,,0
Myanmar,,kjp,Pwo Eastern Karen,,3
Myanmar,,pwo,Pwo Western Karen,,1
Myanmar,,pyy,Pyen,,0
Myanmar,,rki,Rakhine,,1
Myanmar,,raw,Rawang,,1
Myanmar,,weu,Rawngtu Chin,,0
Myanmar,,yin,Riang Lai,,2
Myanmar,,ril,Riang Lang,,1
Myanmar,,rhg,Rohingya,,0
Myanmar,,pce,Ruching Palaung,,4
Myanmar,,rbb,Rumai Palaung,,2
Myanmar,,rtc,Rungtu Chin,,0
Myanmar,,ksw,S’gaw Karen,,7
Myanmar,,stu,Samtao,,0
Myanmar,,sez,Senthang Chin,,0
Myanmar,,shn,Shan,,13
Myanmar,,pll,Shwe Palaung,,1
Myanmar,,csy,Siyin Chin,,3
Myanmar,,csj,Songlai Chin,,0
Myanmar,,csv,Sumtu Chin,,0
Myanmar,,tjl,Tai Laing,,0
Myanmar,,tlq,Tai Loi,,0
Myanmar,,tdd,Tai Nüa,,2
Myanmar,,tcl,Taman,,0
Myanmar,,ntx,Tangkhul Naga,,1
Myanmar,,nst,Tangshang Naga,,2
Myanmar,,tco,Taungyo,,0
Myanmar,,tvn,Tavoyan,,0
Myanmar,,tcp,Tawr Chin,,0
Myanmar,,ctd,Tedim Chin,,4
Myanmar,,tcz,Thado Chin,,2
Myanmar,,cth,Thaiphum Chin,,1
Myanmar,,cnb,Uppu Chin,,0
Myanmar,,kyu,Western Kayah,,2
Myanmar,,wea,Wewaw,,0
Myanmar,,kvu,Yinbaw,,1
Myanmar,,kvy,Yintale,,1
Myanmar,,atb,Zaiwa,,4
Myanmar,,kxk,Zayein,,0
Myanmar,,zom,Zo,,1
Myanmar,,czt,Zotung Chin,,1
Myanmar,,zyp,Zyphe Chin,,5
Philippines,,abp,Abellen Ayta,,1
Philippines,,tiu,Adasen,,0
Philippines,,msm,Agusan Manobo,,4
Philippines,,agn,Agutaynen,,4
Philippines,,akl,Aklanon,,1
Philippines,,alj,Alangan,,2
Philippines,,abc,Ambala Ayta,,2
Philippines,,ifa,Amganad Ifugao,,5
Philippines,,atz,Arta,,1
Philippines,,atm,Ata,,0
Philippines,,atd,Ata Manobo,,4
Philippines,,atk,Ati,,1
Philippines,,bgi,Bagobo-Klata,,1
Philippines,,blw,Balangao,,4
Philippines,,sse,Balangingih Sama,,1
Philippines,,bnj,Bangon,,1
Philippines,,bfx,Bantayanon,,0
Philippines,,bno,Bantoanon,,1
Philippines,,ifb,Batad Ifugao,,4
Philippines,,bya,Batak,,3
Philippines,,bvy,Baybayanon,,0
Philippines,,itb,Binongan Itneg,,1
Philippines,,bkd,Binukid,,4
Philippines,,ilk,Bogkalot,,1
Philippines,,smk,Bolinao,,4
Philippines,,sbl,Botolan Sambal,,3
Philippines,,plw,Brooke’s Point Palawano,,4
Philippines,,ubl,Buhi’non Bikol,,1
Philippines,,bku,Buhid,,2
Philippines,,kyb,Butbut Kalinga,,0
Philippines,,btw,Butuanon,,1
Philippines,,tbk,Calamian Tagbanwa,,3
Philippines,,clu,Caluyanun,,3
Philippines,,cps,Capiznon,,2
Philippines,,dgc,Casiguran Dumagat Agta,,4
Philippines,,ceb,Cebuano,,37
Philippines,,bcl,Central Bikol,,13
Philippines,,lbk,Central Bontok,,4
Philippines,,agt,Central Cagayan Agta,,4
Philippines,,plc,Central Palawano,,1
Philippines,,sml,Central Sama,,5
Philippines,,syb,Central Subanen,,2
Philippines,,tgt,Central Tagbanwa,,1
Philippines,,cbk,Chavacano,,8
Philippines,,mta,Cotabato Manobo,,3
Philippines,,cyo,Cuyonon,,1
Philippines,,daw,Davawenyo,,1
Philippines,,mbd,Dibabawon Manobo,,3
Philippines,,duy,Dicamay Agta,,0
Philippines,,duo,Dupaninan Agta,,3
Philippines,,ebk,Eastern Bontok,,4
Philippines,,sfe,Eastern Subanen,,0
Philippines,,esy,Eskayan,,0
Philippines,,azt,Faire Atta,,0
Philippines,,fil,Filipino,,34
Philippines,,psp,Filipino Sign Language,,2
Philippines,,psp_ceb,Cebuano Sign Language,,0
Philippines,,gdg,Ga’dang,,3
Philippines,,gad,Gaddang,,1
Philippines,,hnn,Hanunoo,,3
Philippines,,mba,Higaonon,,1
Philippines,,hil,Hiligaynon,,16
Philippines,,iwk,I-wak,,0
Philippines,,ibl,Ibaloi,,1
Philippines,,ibg,Ibanag,,2
Philippines,,ivb,Ibatan,,3
Philippines,,mbi,Ilianen Manobo,,3
Philippines,,ilo,Ilocano,,21
Philippines,,abx,Inabaknon,,4
Philippines,,dul,Inagta Alabat,,1
Philippines,,iti,Inlaud Itneg,,0
Philippines,,loc,Inonhan,,0
Philippines,,ilp,Iranun,,0
Philippines,,iry,Iraya,,1
Philippines,,inn,Isinay,,1
Philippines,,isd,Isnag,,3
Philippines,,itv,Itawit,,3
Philippines,,ivv,Ivatan,,3
Philippines,,kll,Kagan Kalagan,,1
Philippines,,cgc,Kagayanen,,7
Philippines,,kqe,Kalagan,,4
Philippines,,kak,Kalanguya,,4
Philippines,,kyk,Kamayo,,1
Philippines,,kne,Kankanaey,,4
Philippines,,pam,Kapampangan,,13
Philippines,,kyj,Karao,,0
Philippines,,ksn,Kasiguranin,,0
Philippines,,agk,Katubung Agta,,0
Philippines,,ify,Keley-i Kallahan,,4
Philippines,,cbw,Kinabalian,,0
Philippines,,mkx,Kinamiging Manobo,,0
Philippines,,krj,Kinaray-a,,5
Philippines,,skn,Kolibugan Subanon,,0
Philippines,,bpr,Koronadal Blaan,,4
Philippines,,lbl,Libon Bikol,,1
Philippines,,kmk,Limos Kalinga,,4
Philippines,,knb,Lubuagan Kalinga,,1
Philippines,,kkg,Mabaka Valley Kalinga,,0
Philippines,,itt,Maeng Itneg,,0
Philippines,,sgb,Mag-antsi Ayta,,4
Philippines,,blx,Mag-Indi Ayta,,1
Philippines,,ayt,Magbukun Ayta,,0
Philippines,,mdh,Maguindanaon,,1
Philippines,,kmd,Majukayang Kalinga,,0
Philippines,,mlz,Malaynon,,0
Philippines,,mry,Mandaya,,3
Philippines,,abd,Manide,,1
Philippines,,msk,Mansaka,,4
Philippines,,sjm,Mapun,,1
Philippines,,mrw,Maranao,,4
Philippines,,tis,Masadiit Itneg,,0
Philippines,,msb,Masbatenyo,,7
Philippines,,mbt,Matigsalug Manobo,,5
Philippines,,ifu,Mayoyao Ifugao,,4
Philippines,,mmn,Minamanwa,,3
Philippines,,rbl,Miraya Bikol,,1
Philippines,,pwm,Molbog,,1
Philippines,,ity,Moyadan Itneg,,0
Philippines,,atl,Mt. Iraya Agta,,0
Philippines,,agz,Mt. Iriga Agta,,0
Philippines,,aqn,Northern Alta,,1
Philippines,,kyn,Northern Binukidnon,,1
Philippines,,rbk,Northern Bontok,,0
Philippines,,cts,Northern Catanduanes Bikol,,1
Philippines,,xnn,Northern Kankanay,,3
Philippines,,bks,Northern Sorsoganon,,1
Philippines,,stb,Northern Subanen,,0
Philippines,,obo,Obo Manobo,,5
Philippines,,apf,Pahanan Agta,,0
Philippines,,att,Pamplona Atta,,4
Philippines,,pag,Pangasinan,,17
Philippines,,slm,Pangutaran Sama,,1
Philippines,,prf,Paranan,,4
Philippines,,prh,Porohanon,,1
Philippines,,atp,Pudtol Atta,,0
Philippines,,mqk,Rajah Kabunsuwan Manobo,,0
Philippines,,btn,Ratagnon,,1
Philippines,,agv,Remontado Dumagat,,1
Philippines,,bto,Rinconada Bikol,,4
Philippines,,rol,Romblomanon,,1
Philippines,,xsb,Sambal,,3
Philippines,,snl,Sangil,,3
Philippines,,bps,Sarangani Blaan,,4
Philippines,,mbs,Sarangani Manobo,,4
Philippines,,ays,Sorsogon Ayta,,0
Philippines,,agy,Southern Alta,,1
Philippines,,mtw,Southern Binukidnon,,0
Philippines,,obk,Southern Bontok,,1
Philippines,,bln,Southern Catanduanes Bikol,,1
Philippines,,ksc,Southern Kalinga,,3
Philippines,,ssb,Southern Sama,,1
Philippines,,srv,Southern Sorsoganon,,1
Philippines,,laa,Southern Subanen,,1
Philippines,,plv,Southwest Palawano,,1
Philippines,,vbk,Southwestern Bontok,,0
Philippines,,srg,Sulod,,0
Philippines,,sgd,Surigaonon,,3
Philippines,,tdy,Tadyawan,,0
Philippines,,bgs,Tagabawa,,4
Philippines,,klg,Tagakaulo,,1
Philippines,,tgl,Tagalog,,51
Philippines,,tbw,Tagbanwa,,1
Philippines,,tgn,Tandaganon,,1
Philippines,,kml,Tanudan Kalinga,,1
Philippines,,tsg,Tausug,,1
Philippines,,twb,Tawbuid,,1
Philippines,,tbl,Tboli,,4
Philippines,,tiy,Teduray,,3
Philippines,,ifk,Tuwali Ifugao,,2
Philippines,,due,Umiray Dumaget Agta,,3
Philippines,,bjx,Vanaw Kalinga,,0
Philippines,,dyg,Villa Viciosa Agta,,0
Philippines,,war,Waray-Waray,,21
Philippines,,fbl,West Albay Bikol,,1
Philippines,,mbb,Western Bukidnon Manobo,,5
Philippines,,suc,Western Subanon,,2
Philippines,,yka,Yakan,,2
Philippines,,yog,Yogad,,1
Singapore,,mbf,Baba Malay,,1
Singapore,,sls,Singapore Sign Language,,0
Thailand,,thm,Aheu,,3
Thailand,,ahk,Akha,,7
Thailand,,bfk,Ban Khor Sign Language,,0
Thailand,,bzi,Bisu,,6
Thailand,,blr,Blang,,2
Thailand,,csd,Chiangmai Sign Language,,0
Thailand,,cog,Chong,,3
Thailand,,eky,Eastern Kayah,,1
Thailand,,lwl,Eastern Lawa,,3
Thailand,,hnj,Hmong Njua,,5
Thailand,,kns,Kensiu,,1
Thailand,,kjg,Khmu,,2
Thailand,,kdt,Kuay,,1
Thailand,,mlf,Mal,,1
Thailand,,mra,Mlabri,,2
Thailand,,mqt,Mok,,1
Thailand,,mwt,Moken,,1
Thailand,,mkm,Moklen,,1
Thailand,,mnw,Mon,,7
Thailand,,mpz,Mpi,,1
Thailand,,tts,Northeastern Thai,,1
Thailand,,kxm,Northern Khmer,,2
Thailand,,nod,Northern Thai,,7
Thailand,,cbn,Nyahkur,,2
Thailand,,nyw,Nyaw,,0
Thailand,,nyl,Nyeu,,1
Thailand,,blk,Pa’o,,1
Thailand,,mfa,Pattani Malay,,1
Thailand,,kjt,Phrae Pwo Karen,,0
Thailand,,pht,Phu Thai,,0
Thailand,,phu,Phuan,,0
Thailand,,prt,Prai,,2
Thailand,,pww,Pwo Northern Karen,,2
Thailand,,kjp,Pwo West-Central Thailand Karen,,3
Thailand,,ksw,S’gaw Karen,,7
Thailand,,skb,Saek,,1
Thailand,,sxm,Samre,,2
Thailand,,meo,Satun Malay,,2
Thailand,,shn,Shan,,13
Thailand,,sss,So,,0
Thailand,,sou,Southern Thai,,2
Thailand,,tnz,Ten’edn,,1
Thailand,,tha,Thai,,114
Thailand,,tsq,Thai Sign Language,,0
Thailand,,soa,Thai Song,,0
Thailand,,ugo,Ugong,,1
Thailand,,urk,Urak Lawoi’,,2
Thailand,,brv,Western Bru,,4
Thailand,,lcp,Western Lawa,,1
Thailand,,yno,Yong,,1
Thailand,,yoy,Yoy,,1
Vietnam,,aem,Arem,,1
Vietnam,,bdq,Bahnar,,1
Vietnam,,ibh,Bih,,0
Vietnam,,brb,Brao,,4
Vietnam,,stt,Budeh Stieng,,0
Vietnam,,sti,Bulo Stieng,,1
Vietnam,,roc,Cacgia Roglai,,0
Vietnam,,mlc,Cao Lan,,0
Vietnam,,cmo,Central Mnong,,6
Vietnam,,crw,Chrau,,2
Vietnam,,cje,Chru,,2
Vietnam,,scb,Chut,,1
Vietnam,,cnc,Côông,,0
Vietnam,,cua,Cua,,1
Vietnam,,bru,Eastern Bru,,4
Vietnam,,cjm,Eastern Cham,,1
Vietnam,,ktv,Eastern Katu,,1
Vietnam,,mng,Eastern Mnong,,1
Vietnam,,enc,En,,2
Vietnam,,pcc,Giáy,,1
Vietnam,,giq,Green Gelao,,2
Vietnam,,haf,Haiphong Sign Language,,0
Vietnam,,hal,Halang,,2
Vietnam,,hld,Halang Doan,,0
Vietnam,,hni,Hani,,4
Vietnam,,hab,Hanoi Sign Language,,0
Vietnam,,hro,Haroi,,2
Vietnam,,hmv,Hmong Dô,,1
Vietnam,,hmf,Hmong Don,,0
Vietnam,,hnj,Hmong Njua,,5
Vietnam,,hos,Ho Chi Minh City Sign Language,,0
Vietnam,,hre,Hre,,1
Vietnam,,hnu,Hung,,0
Vietnam,,ium,Iu Mien,,2
Vietnam,,jra,Jarai,,7
Vietnam,,jeh,Jeh,,2
Vietnam,,kta,Katua,,1
Vietnam,,kxy,Kayong,,0
Vietnam,,kjm,Kháng,,2
Vietnam,,xao,Khao,,0
Vietnam,,khm,Khmer,,50
Vietnam,,kjg,Khmu,,2
Vietnam,,xhv,Khua,,0
Vietnam,,kpm,Koho,,1
Vietnam,,lkc,Kucong,,0
Vietnam,,lbt,Lachi,,1
Vietnam,,lgh,Laghuu,,0
Vietnam,,lha,Laha,,1
Vietnam,,cma,Maa,,1
Vietnam,,pkt,Maleng,,2
Vietnam,,zng,Mang,,3
Vietnam,,nty,Mantsi,,0
Vietnam,,moo,Monom,,1
Vietnam,,mtq,Muong,,2
Vietnam,,neo,Ná-Meo,,0
Vietnam,,nuo,Nguôn,,0
Vietnam,,rog,Northern Roglai,,1
Vietnam,,nut,Nung,,3
Vietnam,,tyh,O’du,,1
Vietnam,,pha,Pa-Hng,,1
Vietnam,,pac,Pacoh,,1
Vietnam,,pht,Phu Thai,,0
Vietnam,,phh,Phula,,0
Vietnam,,phg,Phuong,,1
Vietnam,,puo,Puoc,,1
Vietnam,,laq,Qabiao,,1
Vietnam,,rad,Rade,,1
Vietnam,,gir,Red Gelao,,1
Vietnam,,ren,Rengao,,1
Vietnam,,rmx,Romam,,0
Vietnam,,sed,Sedang,,1
Vietnam,,slt,Sila,,0
Vietnam,,mnn,Southern Mnong,,0
Vietnam,,rgs,Southern Roglai,,1
Vietnam,,tyr,Tai Daeng,,2
Vietnam,,blt,Tai Dam,,4
Vietnam,,twh,Tai Dón,,2
Vietnam,,tpo,Tai Pao,,1
Vietnam,,tmm,Tai Thanh,,1
Vietnam,,tyj,Tai Yo,,0
Vietnam,,tkz,Takua,,0
Vietnam,,tyz,Tày,,1
Vietnam,,tas,Tay Boi,,1
Vietnam,,tys,Tày Sa Pa,,0
Vietnam,,tyt,Tày Tac,,0
Vietnam,,tou,Tho,,0
Vietnam,,tyl,Thu Lao,,0
Vietnam,,tdr,Todrah,,1
Vietnam,,stg,Trieng,,0
Vietnam,,tsl,Ts’ün-Lao,,0
Vietnam,,tth,Upper Ta’oih,,0
Vietnam,,vie,Vietnamese,,137
Vietnam,,cja,Western Cham,,1
Vietnam,,lwh,White Lachi,,1